자치구,분류,시설명,주소,위도,경도,전화번호,비고,홈페이지,강습여부,실내/실외,주차장
중랑구,구기체육관,묵동다목적체육관,중랑구 숙선옹주로 66,37.6144169,127.0842018,949-5577,,http://www.jungnangimc.or.kr/,유,실내,주차 가능(일반 18면 / 장애인 2면)
중랑구,골프연습장,중랑청소년수련관 골프연습장,중랑구 용마산로 217,37.573171,127.0858392,490-0114 ,,http://www.jjang.or.kr/jjang/,유,실내,용마폭포공원 주차장 이용(시간당 1200원 / 5분당 100원)
중랑구,수영장,망우청소년수련관 수영장,중랑구 송림길 156,37.6058844,127.1088479,492-7942,,http://http://mangwoo.kr/,유,실내,주차 가능
중랑구,수영장,중랑문화체육관 수영장,중랑구 사가정로72길 47,37.5792399,127.0959499,436-9200,,http://jungnangspo.seoul.kr,유,실내,주차 가능(51면)
중랑구,수영장,중랑구민체육센터 수영장,중랑구 신내로15길 189,37.6151721,127.0874763,3423-1070,,http://jungnangspo.seoul.kr,유,실내,주차 가능(36면)
중랑구,생활체육관,중랑청소년수련관,중랑구 용마산로 217,37.573171,127.0858392,490-0114 ,,http://www.jjang.or.kr/jjang/,유,실내,용마폭포공원 주차장 이용(시간당 1200원 / 5분당 100원)
중랑구,생활체육관,망우청소년수련관,중랑구 송림길 156,37.6058844,127.1088479,492-7942,,http://http://mangwoo.kr/,유,실내,주차 가능
중랑구,생활체육관,면목2동체육관,중랑구 겸재로 23길 27,37.5878763,127.0808914,495-5200,,http://jungnangspo.seoul.kr,유,실내,공영주차장 회원 2시간 무료
중랑구,생활체육관,중랑구민체육센터,중랑구 신내로 15길 189,37.6151721,127.0874763,3423-1070,,http://jungnangspo.seoul.kr,유,실내,비회원 30분당 1000원 / 회원 3시간 무료
중랑구,생활체육관,중랑문화체육관,중랑구 사가정로72길 47,37.5792399,127.0959499,436-9200,,http://jungnangspo.seoul.kr,유,실내,주차 가능(51면)
중랑구,생활체육관,중랑구민체육센터,중랑구 신내로15길 189,37.6151721,127.0874763,3423-1070,,http://jungnangspo.seoul.kr,유,실내,주차 가능(36면)
중랑구,구기체육관,신내다목적체육관,중랑구 신내로 21길 115-14,37.6112146,127.0894479,3422-4350,8면,http://www.jungnangimc.or.kr/,유,실내,주차 불가
중구,골프연습장,회현체육센터 골프연습장,중구 퇴계로 12길 78,37.5560011,126.9816226,2280-8430,617.90㎡,http://www.e-junggu.or.kr,유,실내,2시간 무료
중구,구기체육관,장충체육관,중구 동호로 241,37.5581465,127.0065932,2128-2800,,http://www.sisul.or.kr/,무,실내,5분당 400원 / 1시간 4800원 / 3시간 14400원(63면)
중구,생활체육관,훈련원공원종합체육관,중구 을지로 227,37.5672983,127.0037006,2280-8397,,http://www.e-junggu.or.kr,유,실내,5분당 400원
중구,구기체육관,무학봉체육관,중구 난계로6길 8,37.5622347,127.0245439,2280-8426,,http://www.e-junggu.or.kr,무,실내,주차 가능(5면)
중구,생활체육관,회현체육센터,중구 퇴계로 12길 78,37.5560011,126.9816226,2280-8430,,http://www.e-junggu.or.kr,유,실내,2시간 무료
중구,생활체육관,충무아트홀 스포츠센터,중구 퇴계로 387,37.5660139,127.0148131,5580-8400,,http://www.e-junggu.or.kr,유,실내,주차권 미구매자 10분당 500원
중구,생활체육관,남산타운문화체육센터,중구 다산로 32,37.5491389,127.0093824,2280-8480,,http://www.e-junggu.or.kr,유,실내,주차 가능
중구,생활체육관,장충문화체육센터,중구 퇴계로 50길 59,37.5599201,127.001293,2280-8466,,http://www.e-junggu.or.kr,유,실내,장충공영주차장
중구,생활체육관,손기정문화체육센터,중구 손기정로 101 ,37.5556652,126.9645497,2280-8460,,http://www.e-junggu.or.kr,유,실내,-
중구,수영장,충무아트홀 스포츠센터 수영장,중구 퇴계로 387,37.5660139,127.0148131,5580-8400,8레인,http://www.e-junggu.or.kr,유,실내,주차권 미구매자 10분당 500원
중구,수영장,회현체육센터 수영장,중구 퇴계로 12길 78,37.5560011,126.9816226,2280-8430,1030㎡,http://www.e-junggu.or.kr,유,실내,2시간 무료
중구,골프연습장,충무아트홀 스포츠센터 골프연습장,중구 퇴계로 387,37.5660139,127.0148131,5580-8400,37타석,http://www.e-junggu.or.kr,유,실내,주차권 미구매자 10분당 500원
중구,골프연습장,손기정문화체육센터 골프연습장,중구 손기정로 101 ,37.5556652,126.9645497,2280-8460,132㎡,http://www.e-junggu.or.kr,유,실내,-
종로구,수영장,올림픽기념국민생활관 수영장,종로구 성균관로 91,37.590434,126.9987747,745-6701,레인당 2.5m,http://www.ijongno.co.kr/front/main/11,유,실내,
종로구,탁구장,종로구립탁구 전용구장,종로구 송월길 154,37.571885,126.961969,2148-5184,8대,jongno.go.kr,유,실내,-
종로구,생활체육관,종로구민회관,종로구 지봉로5길 7-5,37.5734636,127.0143719,3672-2530,,http://www.ijongno.co.kr/front/main/21,유,실내,회원 3시간 무료 /  비회원 최초30분 1000원 초과 5분당 250원
종로구,생활체육관,종로문화체육센터,종로구 인왕산로1길 21,37.5742102,126.9646484,732-9392,,http://www.ijongno.co.kr/front/main/41,유,실내,회원 3시간 무료 / 비회원 기본 30분 1000원 초과 10분당 500원
종로구,생활체육관,올림픽기념국민생활관,종로구 성균관로 91,37.590434,126.9987747,745-6701,,http://www.ijongno.co.kr/front/main/11,유,실내,회원 3시간 무료 /  비회원 최초30분 1000원 초과 5분당 250원
종로구,생활체육관,동부여성문화센터,종로구 창신길 124,37.5768851,127.0098844,3675-5861,,http://www.ijongno.co.kr/front/main/31,유,실내,주차 가능
종로구,생활체육관,청소년문화센터,종로구 명륜길?90 ,37.5906034,126.9933679,3675-1318 ,,http://www.ijongno.co.kr/front/program/32/01,유,실내,주차 불가
종로구,수영장,종로구민회관 수영장,종로구 지봉로5길 7-5,37.5734636,127.0143719,3672-2530,,http://www.ijongno.co.kr/front/main/21,유,실내,
은평구,구기체육관,백련실내배드민턴장,은평구 백련산로 4길 26,37.5957943,126.9247225,350-5333,674㎡,http://www.efmc.or.kr/public_html/sports/,무,실내,무료
은평구,골프연습장,은평청소년수련관 골프연습장,은평구 응암동 산6-46,37.594517,126.924696,383-9966,,http://www.woori1318.or.kr/,유,실내,-
은평구,골프연습장,은평구민체육센터 골프연습장,은평구 진관1로 40 ,37.6304386,126.9236287,350-5333,1면,http://www.efmc.or.kr/public_html/sports/,유,실내,주차 가능(71면)
은평구,수영장,은평청소년수련관 수영장,은평구 응암동 산6-46,37.594517,126.924696,383-9966,,http://www.woori1318.or.kr/,유,실내,-
은평구,생활체육관,은평청소년수련관 체육관,은평구 응암동 산6-46,37.594517,126.924696,383-9966,,http://www.woori1318.or.kr/,유,실내,-
은평구,수영장,은평구민체육센터 수영장,은평구 진관1로 40 ,37.6304386,126.9236287,350-5333,2332㎡,http://www.efmc.or.kr/public_html/sports/,유,실내,주차 가능(71면)
은평구,구기체육관,은평다목적체육관,은평구 진관1로 52,37.6335071,126.9260151,350-5325,,http://www.efmc.or.kr/public_html/sports/,유,실내,주차 가능(30면)
은평구,생활체육관,은평구민체육센터,은평구 진관1로 40 ,37.6304386,126.9236287,350-5333,,http://www.efmc.or.kr/public_html/sports/,유,실내,주차 가능(71면)
용산구,생활체육관,용산문화체육센터,용산구 백범로 350,37.5372099,126.9676133,707-2492,,http://www.yongsangu-sc.or.kr/,유,실내,주차 가능(21면)
용산구,생활체육관,효창종합사회복지관 체육관,용산구 효창원로 146-12,37.5412123,126.9629843,716-0600,,https://www.hyochang.or.kr:6017/,유,실내,지상(10면) 지하(7면)
용산구,생활체육관,갈월종합사회복지관 체육관,용산구 두텁바위로 25,37.5466654,126.9796091,752-7887,,http://www.galwol.or.kr/,유,실내,주차 가능
용산구,생활체육관,용산청소년수련관,용산구 이촌로71길 24,37.5211816,126.9732349,749-0102,,http://www.youthpool.or.kr,유,실내,주차 가능
용산구,수영장,용산문화체육센터 수영장,용산구 백범로 350,37.5372099,126.9676133,707-2492,932.04㎡,http://www.yongsangu-sc.or.kr/,유,실내,주차 가능(21면)
용산구,수영장,갈월종합사회복지관 수영장,용산구 두텁바위로 25,37.5466654,126.9796091,752-7887,1253.7㎡,http://www.galwol.or.kr/,유,실내,주차 가능
용산구,수영장,효창종합사회복지관 수영장,용산구 효창원로 146-12,37.5412123,126.9629843,716-0600,940.00 ㎡,https://www.hyochang.or.kr:6017/,유,실내,지상(10면) 지하(7면)
용산구,수영장,용산청소년수련관 수영장,용산구 이촌로71길 24,37.5211816,126.9732349,749-0102,513.42㎡,http://www.youthpool.or.kr,유,실내,주차 가능
영등포구,생활체육관,영등포 제1스포츠센터,영등포구 신풍로 1,37.500488,126.9062483,2650-1500,,http://www.y-sisul.or.kr/,유,실내,회원 3시간 무료(77면)
영등포구,생활체육관,영등포 제2스포츠센터,영등포구 국회대로 615,37.526651,126.902642,2630-2900,,http://www.y-sisul.or.kr/,유,실내,회원 2시간 무료(48면)
영등포구,생활체육관,신길종합사회복지관 체육관,영등포구 영등포로84길 24-5,37.511035,126.921387,831-2755,,singil.weelsystem.co.kr ,유,실내,주차 가능
영등포구,생활체육관,문래청소년수련관 체육관,영등포구 문래로 110 ,37.51896,126.894073,2167-0100,,www.mullaeyouth.or.kr ,유,실내,-
영등포구,수영장,영등포 제1스포츠센터 수영장,영등포구 신풍로 1,37.500488,126.9062483,2650-1500,,http://www.y-sisul.or.kr/,유,실내,회원 3시간 무료(77면)
영등포구,수영장,영등포 제2스포츠센터 수영장,영등포구 국회대로 615,37.526651,126.902642,2630-2900,,http://www.y-sisul.or.kr/,유,실내,회원 2시간 무료(48면)
영등포구,수영장,신길종합복지관 수영장,영등포구 영등포로84길 24-5,37.511035,126.921387,831-2755,25M 6레인,singil.weelsystem.co.kr ,유,실내,주차 가능
영등포구,수영장,문래청소년수련관 수영장,영등포구 문래로 110 ,37.518781,126.893977,2167-0100,,www.mullaeyouth.or.kr ,유,실내,-
영등포구,골프연습장,영등포 제1스포츠센터 골프연습장,영등포구 신풍로 1,37.500488,126.9062483,2650-1500,,http://www.y-sisul.or.kr/,유,실내,회원 3시간 무료(77면)
양천구,빙상장,목동종합운동장 목동아이스링크,양천구 안양천로 939,37.5305809,126.8810483,2652-3888,,http://www.mdicerink.co.kr/,유,실내,주차 가능
양천구,배드민턴장,용왕산실내배드민턴장,양천구 용왕정길 목동 202-16,37.5436283,126.8779655,2620-3400,6면,-,무,실내,-
양천구,골프연습장,목동문화체육센터 골프연습장,양천구 목동중앙본로 73,37.5427705,126.8690841,2062-1862~4,6개 타석,http://www.ycs.or.kr/,유,실내,-
양천구,수영장,서부여성발전센터 수영장,양천구 남부순환로 371,37.534153,126.829901,2607-8791,,http://seobu.seoulwomanup.or.kr/,유,실내,후문 위치 인근 공영주차장 이용 권장
양천구,수영장,목동청소년수련관 수영장,양천구 목동서로 143,37.531013,126.875386,2642-1318,,http://www.wawa.or.kr/,유,실내,-
양천구,수영장,목동문화체육센터 수영장,양천구 목동중앙본로 73,37.5427705,126.8690841,2062-1862~4,6개 레인,http://www.ycs.or.kr/,유,실내,-
양천구,수영장,신월문화체육센터 수영장,양천구 지양로 47,37.5199255,126.8348562,2605-4093-5,447.48㎡,http://www.ycs.or.kr/,유,실내,해맞이 공영주차장 이용(최대 2시간 무료)
양천구,수영장,양천구민체육센터 수영장,양천구 목동동로 87,37.5161786,126.8644212,2652-1792,25M 7레인,http://www.ycs.or.kr/,유,실내,주차 가능(65면)
양천구,생활체육관,목동청소년수련관 체육관,양천구 목동서로 143,37.531013,126.875386,2642-1318,,http://www.wawa.or.kr/,유,실내,-
양천구,생활체육관,양천주민편익시설,양천구 목동 900,37.539806,126.882697,2652-8084,,http://www.ycymca.or.kr/,유,실내,회원 3시간 무료
양천구,구기체육관,계남다목적체육관,양천구 신정로 273-5,37.5130177,126.850537,2606-9301~2,배드민턴15면 배구4면,http://www.ycs.or.kr/,유,실내,주차 가능(103면)
양천구,생활체육관,목동문화체육센터,양천구 목동중앙본로 73,37.5427705,126.8690841,2062-1862~4,,http://www.ycs.or.kr/,유,실내,-
양천구,생활체육관,신월문화체육센터,양천구 지양로 47,37.5199255,126.8348562,2605-4093-5,,http://www.ycs.or.kr/,유,실내,해맞이 공영주차장 이용(최대 2시간 무료)
양천구,생활체육관,양천구민체육센터,양천구 목동동로 87,37.5161786,126.8644212,2652-1792,,http://www.ycs.or.kr/,유,실내,주차 가능(65면)
송파구,테니스장,올림픽 실내테니스장,송파구 오륜동 올림픽로 424,37.513988,127.128203,2180-3778,16면,http://www.ksponco.or.kr/,무,실내,한시간 이내 1000원 초과 15분당 500원
송파구,골프연습장,송파구체육문화회관 골프연습장,송파구 양산로 15,37.4907894,127.1428706,402-3291,9타석,http://www.esongpa.or.kr/,유,실내,강좌 시간 전후 30분까지 이용가능
송파구,골프연습장,서울곰두리체육센터 골프연습장,송파구 동남로 271,37.5010097,127.134043,404-6240,247.5 ㎡,http://www.sgsc.or.kr/,유,실내,회원 무료(47면)
송파구,생활체육관,마천청소년수련관,송파구 성내천로 319,37.492284,127.156622,443-0100,,http://www.mcyouth.or.kr/,유,실내,-
송파구,생활체육관,송파청소년수련관,송파구 중대로4길 4,37.4896609,127.1112312,449-0500,,http://www.youth1318.or.kr/youth1318/index.asp,유,실내,회원 1종목 5시간 2종목 이상 최대 10시간 무료 / 해당종목 강습 외 요일 입차시 주차료 징수 최초 1시간 1000원 이후 15분당 500원
송파구,생활체육관,송파아우름체육센터,송파구 문정로 196,37.498735,127.141289,2147-2800,,-,유,실내,1시간 1200원
송파구,생활체육관,서울곰두리체육센터,송파구 동남로 271,37.5010097,127.134043,404-6240,,http://www.sgsc.or.kr/,유,실내,회원 무료(47면)
송파구,생활체육관,송파구체육문화회관,송파구 양산로 15,37.4907894,127.1428706,402-3291,,http://www.esongpa.or.kr/,유,실내,강좌 시간 전후 30분까지 이용가능
송파구,빙상장 ,롯데월드아이스링크장,송파구 올림픽로 240 ,37.5112348,127.0980274,1661-2000,빙판면적 2076㎡,http://www.lotteworld.com/icerink/,유,실내,1시간당 1000원 주차권 3시간까지 인정
송파구,배드민턴장,풍납배드민턴장,송파구 풍납동 310-17,37.5305896,127.1102853,-,4면,-,무,실내,주차 가능
송파구,수영장,서울곰두리체육센터 수영장,송파구 동남로 271,37.5010097,127.134043,404-6240,25m 6레인,http://www.sgsc.or.kr/,유,실내,회원 무료(47면)
송파구,구기체육관,송파 배드민턴체육관,송파구 문정로 176,37.4935003,127.1382257,403-2839,1184.4㎡,http://www.songpagongdan.or.kr/,무,실내,잠실1~4주차장 이용(471면) 최초30분 1000원 초과 10분당 200원
송파구,수영장,잠실실내수영장,송파구 올림픽로 25 서울종합운동장,37.514656,127.076231,2240-8751,8073㎡,stadium.seoul.go.kr/lecture/now,유,실내,잠실종합운동장 주차장 이용
송파구,수영장,올림픽 수영경기장 ,송파구 올림픽로 424,37.5217853,127.1165203,2180-3743,,http://sports.ksponco.or.kr/,유,실내,잠실1~4주차장 이용(471면) 최초30분 1000원 초과 10분당 200원
송파구,구기체육관,올림픽공원 제2체육관,송파구 방이동 올림픽로 424,37.519322,127.127209,-,,-,무,실내,-
송파구,구기체육관,올림픽공원 제1체육관,송파구 방이동 올림픽로 424,37.519322,127.127209,-,,-,무,실내,-
송파구,수영장,송파구체육문화회관 수영장,송파구 양산로 15,37.4907894,127.1428706,402-3291,6레인,http://www.esongpa.or.kr/,유,실내,강좌 시간 전후 30분까지 이용가능
송파구,수영장,잠실학생수영장,송파구 올림픽로 25 서울종합운동장,37.513737,127.076178,421-3126 ,1947㎡(10레인),www.ssg.go.kr/,유,실내,잠실종합운동장 주차장 이용
송파구,구기체육관,잠실실내체육관,송파구 잠실동 올림픽로 25,37.516463,127.075923,2240-8800,,http://stadium.seoul.go.kr/,무,실내,잠실종합운동장 주차장 이용
성북구,생활체육관,성북종합레포츠타운,성북구 한천로58길 30,37.6095158,127.0699065,6917-1100,,http://www.gongdan.go.kr/gongdan/sb_reports/intro/intro.jsp,유,실내,주차 가능
성북구,생활체육관,개운산스포츠센터,성북구 북악산로 949-60,37.5968341,127.0262406,925-9960,,https://web.facebook.com/Youngma Climbing Park/,유,실내,회원 3시간 무료
성북구,생활체육관,성북청소년수련관 체육관,성북구 한천로95길 7,37.617548,127.05582,3292-1318,,http://www.sbyouth.or.kr/,유,실내,주차 가능
성북구,생활체육관,성북구민체육관,성북구 성북동 2-1,37.5922983,127.0037807,909-3497,,http://www.gongdan.go.kr/,무,실내,주차 가능
성북구,생활체육관,해오름휘트니스센터,성북구 성북로4길 52,37.5947663,127.0104379,6925-7003,,http://www.gongdan.go.kr/,유,실내,-
성북구,수영장,개운산스포츠센터 수영장,성북구 북악산로 949-60,37.5968341,127.0262406,925-9960,5레인,https://web.facebook.com/Youngma Climbing Park/,유,실내,회원 3시간 무료
성북구,수영장,성북종합레포츠타운 수영장,성북구 한천로58길 30,37.6095158,127.0699065,6917-1100,6레인,http://www.gongdan.go.kr/gongdan/sb_reports/intro/intro.jsp,유,실내,주차 가능
성북구,수영장,성북청소년수련관 수영장,성북구 한천로95길 7,37.617548,127.05582,3292-1318,,http://www.sbyouth.or.kr/,유,실내,주차 가능
성북구,구기체육관,성북구민체육관(월곡배드민턴장),성북구 화랑로 13길 144,37.6106079,127.0403978,909-3497,9면,http://www.gongdan.go.kr/,유,실내,-
성북구,골프연습장,성북종합레포츠타운 골프연습장,성북구 한천로58길 30,37.6095158,127.0699065,6917-1100,15타석,http://www.gongdan.go.kr/gongdan/sb_reports/intro/intro.jsp,유,실내,주차 가능
성동구,생활체육관,성동청소년수련관 체육관,성동구 고산자로 260,37.562377,127.036349,2296-4062,,http://www.sdyc.or.kr/,유,실내,기본 1시간 1000원 초과 10분당 500원
성동구,수영장,성동청소년수련관 수영장,성동구 고산자로 260,37.562377,127.036349,2296-4062,,http://www.sdyc.or.kr/,유,실내,기본 1시간 1000원 초과 10분당 500원
서초구,생활체육관,서일스포츠센터,서초구 서초구 서운로21길 2,37.498567,127.021824,3481-7155,,seoilsports.kr/,유,실내,-
서초구,생활체육관,서리풀언남문화체육센터,서초구 동산로 13길 35,37.472451,127.043345,577-7718,,http://www.3ful.com/,유,실내,회원 1종목 150분 무료 2종목 이상 180분 무료 초과 10분당 300원
서초구,생활체육관,잠원스포츠파크,서초구 신반포로23길 66,37.5112158,127.0052078,533-7508,,http://jwsports.co.kr/,유,실내,주차 가능
서초구,생활체육관,서초구민체육센터,서초구 사평대로 55,37.5068585,127.0215598,591-6060,,http://www.seochoymca.com/,유,실내,주차 가능
서초구,생활체육관,방배열린문화센터,서울 서초구 방배로 173 ,37.4889095,126.9922476,535-2601,,http://bb.sporex.com,유,실내,10분당 300원(109면)
서초구,생활체육관,반포종합운동장 체육센터,서초구 신반포로 16길 30,37.500126,126.995929,593-1330,,http://www.seocho.go.kr/,유,실내,반포종합운동장 반포2동 공영주차장 등 이용
서초구,생활체육관,신동교육문화회관,서초구 잠원동 나루터로 27,37.516385,127.012431,-,,-,유,실내,-
서초구,생활체육관,서초종합체육관,서초구 원지동 28,37.459058,127.041729,572-6131,,http://yj.sporex.com/,유,실내,
서초구,수영장,서초구민체육센터 수영장,서초구 사평대로 55,37.5068585,127.0215598,591-6060,25M 6레인,http://www.seochoymca.com/,유,실내,주차 가능
서초구,수영장,언남문화체육센터 수영장,서초구 동산로 13길 35,37.472451,127.043345,577-7718,,http://www.3ful.com/,유,실내,회원 1종목 150분 무료 2종목 이상 180분 무료 초과 10분당 300원
서초구,수영장,방배열린문화센터 수영장,서울 서초구 방배로 173 ,37.4889095,126.9922476,535-2601,25M 5레인,http://bb.sporex.com,유,실내,10분당 300원(109면)
서초구,수영장,신동교육문화회관 수영장,서초구 잠원동 나루터로 27,37.516385,127.012431,-,,-,유,실내,-
서초구,수영장,서초종합체육관 수영장,서초구 원지동 28,37.459058,127.041729,572-6131,25m x 6레인,http://yj.sporex.com/,유,실내,-
서초구,골프연습장,반포종합운동장 체육센터 골프연습장,서초구 신반포로 16길 30,37.500126,126.995929,593-1330,16타석,http://www.seocho.go.kr/,유,실내,반포종합운동장 반포2동 공영주차장 등 이용
서초구,골프연습장,서초구민체육센터 골프연습장,서초구 사평대로 55,37.5068585,127.0215598,591-6060,총 18석,http://www.seochoymca.com/,유,실내,주차 가능
서초구,골프연습장,언남문화체육센터 골프연습장,서초구 동산로 13길 35,37.472451,127.043345,577-7718,,http://www.3ful.com/,유,실내,회원 1종목 150분 무료 2종목 이상 180분 무료 초과 10분당 300원
서초구,골프연습장,방배열린문화센터 골프연습장,서울 서초구 방배로 173 ,37.4889095,126.9922476,535-2601,총 14개 타석,http://bb.sporex.com,유,실내,10분당 300원(109면)
서초구,테니스장,잠원 스포츠파크 테니스장,서초구 신반포로 23길 66,37.510996,127.005216,533-7508,3면,http://www.jwsports.co.kr/,유,실내,주차 가능
서대문구,구기체육관,궁동산체육관,서대문구 연희로11마길 86-47,37.5714502,126.9253081,330-1130,배드민턴(5면),http://www.sscmc.or.kr/,유,실내,주차 가능
서대문구,생활체육관,서대문청소년수련관 체육관,서대문구 연희로32길 129,37.579204,126.937944,334-0080,,http://www.fun1318.or.kr/,유,실내,-
서대문구,수영장,서대문문화체육회관 수영장,서대문구 백련사길 39,37.581584,126.931969,330-1130,7레인,http://www.sscmc.or.kr/,유,실내,30분당 1000원
서대문구,수영장,서대문청소년수련관 수영장,서대문구 연희로32길 129,37.579204,126.937944,334-0080,,http://www.fun1318.or.kr/,유,실내,-
서대문구,골프연습장,서대문문화체육회관 골프연습장,서대문구 백련사길 39,37.581584,126.931969,330-1130,8개 타석,http://www.sscmc.or.kr/,유,실내,30분당 1000원
서대문구,배드민턴장,금화배드민턴장,서대문구 봉원동 산3-8,37.5699572,126.9473163,330-1129,5면,-,무,실내,-
서대문구,배드민턴장,홍제배드민턴장,서대문구 홍제동 280-9,37.5949801,126.949274,330-1130,6면,-,무,실내,-
서대문구,생활체육관,서대문문화체육회관,서대문구 백련사길 39,37.581584,126.931969,330-1130,,http://www.sscmc.or.kr/,유,실내,30분당 1000원
마포구,생활체육관,마포구민체육센터,마포구 망원동 450-3,37.556726,126.897139,324-7800,,http://www.maposc.or.kr/,유,실내,주차 가능(57면)
마포구,생활체육관,염리생활체육관,마포구 염리동 174-3,37.5419184,126.94518,3272-9401,1811㎡,http://mapogym.or.kr/,유,실내,주차 가능(14면)
마포구,생활체육관,성미산체육관,마포구 성산동 산12-1,37.562633,126.911946,324-9877,,http://mapogym.or.kr/,유,실내,주차 가능(14면)
마포구,생활체육관,마포주민편익시설,마포구 월드컵로 25길 190,37.557815,126.9041813,374-0400,,http://www.mfmc.or.kr,유,실내,주차 가능(30면)
마포구,생활체육관,창천스포츠센터,마포구 백범로 1길 56,37.5548546,126.9393201,714-9633,,www.ccsports.co.kr ,유,실내,회원 2시간 30분 무료
마포구,생활체육관,한국우진학교,마포구 월드컵북로 38길 21,37.5710794,126.9036093,304-6255,,http://www.woojin.sc.kr/,유,실내,-
마포구,생활체육관,마포아트센터 체육관,마포구 대흥로 20길 28,37.549821,126.94552,3274-8500,1038㎡,http://www.mapoartcenter.or.kr/,유,실내,기본 30분 1000원 초과 10분당 500원
마포구,생활체육관,마포청소년수련관 체육관,마포구 성산동 월드컵로 212,37.566606,126.901833,3153-5900,,http://www.youthnaroo.or.kr/,유,실내,
마포구,수영장,마포아트센터 수영장,마포구 대흥로 20길 28,37.549821,126.94552,3274-8500,25m*13m 6레인,http://www.mapoartcenter.or.kr/,유,실내,기본 30분 1000원 초과 10분당 500원
마포구,수영장,마포청소년수련관 수영장,마포구 성산동 월드컵로 212,37.566606,126.901833,3153-5900,,http://www.youthnaroo.or.kr/,유,실내,
마포구,배드민턴장,와우산 배드민턴장,와우산로 30길 81,37.551405,126.928655,3153-8131,9면,www.mfmc.or.kr,무,실내,주차 불가
마포구,배드민턴장,망원동 배드민턴장,동교로1길 73,37.5535839,126.8997121,3153-8131,5면,https://www.mapo.go.kr/,무,실내,-
마포구,골프연습장,마포주민편익시설 골프연습장,마포구 월드컵로 25길 190,37.557815,126.9041813,374-0400,410.96㎡,http://www.mfmc.or.kr,유,실내,주차 가능(30면)
마포구,골프연습장,마포아트센터 골프연습장,마포구 대흥로 20길 28,37.549821,126.94552,3274-8500,345㎡,http://www.mapoartcenter.or.kr/,유,실내,기본 30분 1000원 초과 10분당 500원
동작구,생활체육관,흑석체육센터,동작구 동작구 현충로 73,37.5100062,126.9634626,823-2273,,http://www.idongjak.or.kr/,유,실내,회원 3시간 무료 초과시 5분당 250원(36면)
동작구,생활체육관,동작구민체육센터,동작구 여의대방로 16길 53,37.4946758,126.9167539,849-0100,,http://www.idongjak.or.kr/,유,실내,강습시간 30분 전후까지만 이용 가능 회원 최대 3시간 무료 초과시 10분당 500원(87면)
동작구,생활체육관,사당문화회관,동작구 사당로8길9,37.4846829,126.9695996,588-4111,,http://www.idongjak.or.kr/,유,실내,강습시간 30분 전후까지만 이용 가능 회원 최대 3시간 무료 초과시 10분당 500원
동작구,생활체육관,사당종합체육관,동작구 사당로27길 232,37.4875595,126.9751922,595-5556,,http://www.idongjak.or.kr/,유,실내,회원 3시간 무료 초과시 5분당 250원(60면)
동작구,생활체육관,서울여성플라자 스포츠센터,동작구 여의대방로 54길 18,37.5115519,126.9271787,822-2426,,http://www.womansports.co.kr/,유,실내,회원 3시간 무료
동작구,수영장,사당문화회관 수영장,동작구 사당로8길9,37.4846829,126.9695996,588-4111,,http://www.idongjak.or.kr/,유,실내,강습시간 30분 전후까지만 이용 가능 회원 최대 3시간 무료 초과시 10분당 500원
동작구,수영장,서울여성플라자 수영장,동작구 여의대방로 54길 18,37.5115519,126.9271787,822-2426,6개 레인 ,http://www.womansports.co.kr/,유,실내,회원 3시간 무료
동작구,수영장,흑석체육센터 수영장,동작구 동작구 현충로 73,37.5100062,126.9634626,823-2273,5레인,http://www.idongjak.or.kr/,유,실내,회원 3시간 무료 초과시 5분당 250원(36면)
동작구,수영장,동작구민체육센터 수영장,동작구 여의대방로 16길 53,37.4946758,126.9167539,849-0100,,http://www.idongjak.or.kr/,유,실내,강습시간 30분 전후까지만 이용 가능 회원 최대 3시간 무료 초과시 10분당 500원(87면)
동작구,골프연습장,동작구민체육센터 골프연습장,동작구 여의대방로 16길 53,37.4946758,126.9167539,849-0100,,http://www.idongjak.or.kr/,유,실내,강습시간 30분 전후까지만 이용 가능 회원 최대 3시간 무료 초과시 10분당 500원(87면)
동대문구,생활체육관,이문체육문화센터,동대문구 한천로58길 81-49,37.6022252,127.0686956,963-0534,3295㎡,http://www.dfmc.kr,유,실내,무료
동대문구,구기체육관,동대문구체육관,동대문구 답십리로 210-3,37.5722643,127.0639667,2247-9611,5743㎡,http://www.dfmc.kr,유,실내,주차 가능(56면)
동대문구,생활체육관,동대문구민체육센터,동대문구 장안벚꽃로 67,37.5668194,127.0739112,2247-9772,5157㎡,http://www.dfmc.kr,유,실내,주차 가능
동대문구,생활체육관,동대문종합사회복지관,동대문구 약령시로 5길 22,37.5839428,127.0342231,920-4500,,http://www.communitycenter.or.kr/,유,실내,주차 가능
동대문구,수영장,동대문구민체육센터 수영장,동대문구 장안벚꽃로 67,37.5668194,127.0739112,2247-9772,,http://www.dfmc.kr,유,실내,주차 가능
동대문구,수영장,동대문청소년수련관 수영장,동대문구 제기로 33길 25   ,37.5872685,127.0499878,3295-1478,,http://www.ddmy.or.kr/,유,실내,주차 불가
동대문구,수영장,동대문종합사회복지관 수영장,동대문구 약령시로 5길 22,37.5839428,127.0342231,920-4500,,http://www.communitycenter.or.kr/,유,실내,주차 가능
동대문구,생활체육관,동대문청소년수련관,동대문구 제기로 33길 25   ,37.5872685,127.0499878,3295-1478,,http://www.ddmy.or.kr/,유,실내,주차 불가
도봉구,생활체육관,창동문화체육센터,도봉구 노해로69길 132,37.6582713,127.0506149,901-5000,,http://www.dobongsiseol.or.kr/index_sport.html,유,실내,비회원 10분당 500원 / 회원 3시간 무료
도봉구,테니스장,창동 생활체육실내테니스장,도봉구 창동 1-24,37.657144,127.051776,2289-6870,3면,http://gongdan.nowon.kr/culturebusiness/wolgae/info.html,유,실내,주차 가능
도봉구,구기체육관,도봉실내배드민턴장,도봉구 도봉2동 84-6 ,37.6814387,127.0503481,901-5180,7면,https://www.dobongsiseol.or.kr/,유,실내,주차 가능
도봉구,구기체육관,초안산실내배드민턴장,도봉구 덕릉로 63길 76-10,37.6447498,127.0409457,901-5125,6면,https://www.dobongsiseol.or.kr/,유,실내,주차 가능(11면)
도봉구,구기체육관,창동배드민턴장,도봉구 노해로 69길 132 ,37.656112,127.051245,901-5049,,https://www.dobongsiseol.or.kr/,유,실내,주차 가능
도봉구,수영장,도봉실내수영장,도봉구 도봉로 180 나길41,37.6857879,127.0479503,901-5170,935.19㎡,https://www.dobongsiseol.or.kr/,유,실내,주차 가능
도봉구,수영장,창동문화체육센터 수영장,도봉구 노해로69길 132,37.6582713,127.0506149,901-5000,1383㎡,http://www.dobongsiseol.or.kr/index_sport.html,유,실내,비회원 10분당 500원 / 회원 3시간 무료
도봉구,풋살장,창동문화체육센터 풋살장,도봉구 노해로69길 132,37.6582713,127.0506149,901-5000,8695㎡,http://www.dobongsiseol.or.kr/index_sport.html,유,실내,비회원 10분당 500원 / 회원 3시간 무료
도봉구,생활체육관,대우스포츠센터,도봉구 덕릉로63가길 61,37.6423565,127.0375024,904-9633,,https://daewoosports.modoo.at/,유,실내,주차 가능
도봉구,생활체육관,도봉구민회관,도봉구 도봉로 552,37.6540005,127.0386044,901-5160,,http://www.dobongsiseol.or.kr/,유,실내,주차 가능(68면)
노원구,생활체육관,월계문화체육센터,노원구 월계로 298,37.6285057,127.0567724,2289-6870,,http://gongdan.nowon.kr/culturebusiness/wolgae/info.html,유,실내,주차 가능
노원구,생활체육관,노원구민체육센터,노원구 노원로22길 1,37.6481175,127.0706261,2289-6800,,http://gongdan.nowon.kr/culturebusiness/nowon/info.html,유,실내,10분당 300원
노원구,생활체육관,동천재활체육센터,노원구 노원로18길 41 ,37.644436,127.0733938,949-9114,,http://www.dcsports.co.kr/,유,실내,주차 가능
노원구,수영장,노원구민체육센터 수영장,노원구 노원로22길 1,37.6481175,127.0706261,2289-6800,1813㎡,http://gongdan.nowon.kr/culturebusiness/nowon/info.html,유,실내,10분당 300원
노원구,생활체육관,노원청소년수련관 체육관,노원구 덕릉로70길 99,37.640577,127.059609,3391-4141,,http://youthcenter.or.kr/,유,실내,-
노원구,수영장,노원청소년수련관 수영장,노원구 덕릉로70길 99,37.640577,127.059609,3391-4141,,http://youthcenter.or.kr/,유,실내,-
노원구,배드민턴장,불암산배드민턴장,노원구 중계로 36,37.6391199,127.0840075,2289-6856,13면,http://gongdan.nowon.kr/,유,실내,주차 가능(99면)
노원구,빙상장,태릉선수촌 국제스케이트장,노원구 화랑로 727,37.638659,127.10307,970-0501,,www.icerink.or.kr/ ,유,실내,주차 가능
노원구,빙상장,태릉선수촌 실내빙상장,노원구 화랑로 681,37.637435,127.103092,970-0061,,-,유,실내,주차 가능
노원구,배드민턴장,월계배드민턴장,노원구 마들로 5가길 113,37.6383233,127.0519475,2289-6863,10면,http://gongdan.nowon.kr/,유,실내,주차 가능
노원구,배드민턴장,당고개배드민턴장,노원구 상계로 273,37.6645066,127.0737934,2289-6864,7면,http://gongdan.nowon.kr/,유,실내,-
노원구,사격장,공릉중학교내사격장,노원구 노원로1길 42,37.6222083,127.0837653,971-5212 ,,http://kongrung.ms.kr/,무,실내,-
노원구,빙상장,광운대학교,노원구 광운로 20,37.6194277,127.05982,909-3114,,http://icerink.kw.ac.kr/,유,실내,-
금천구,생활체육관,금빛휘트니스센터,금천구 금하로 668,37.4525867,126.9043003,802-9685,,http://www.gfmc.kr/,유,실내,회원 3시간 무료
금천구,생활체육관,금천구민문화체육센터,금천구 독산로54길 188,37.4702259,126.9070647,861-1313,,http://www.gfmc.kr/,유,실내,회원 3시간 무료
금천구,구기체육관,독산 배드민턴체육관,금천구 독산로54길 102-82,37.4667151,126.9089754,869-7577,9면,http://www.geumcheon.go.kr/,유,실내,주차 가능
금천구,골프연습장,금빛휘트니스센터 골프연습장,금천구 금하로 668,37.4525867,126.9043003,802-9685,365㎡,http://www.gfmc.kr/,유,실내,회원 3시간 무료
금천구,골프연습장,금천구민문화체육센터 골프연습장,금천구 독산로54길 188,37.4702259,126.9070647,861-1313,290.9㎡,http://www.gfmc.kr/,유,실내,회원 3시간 무료
금천구,수영장,금천청소년수련관 수영장,금천구 금하로30길 54,37.448335,126.915515,803-1318,,www.cyc.or.kr ,유,실내,-
금천구,수영장,금천구민문화체육센터 수영장,금천구 독산로54길 188,37.4702259,126.9070647,861-1313,958㎡,http://www.gfmc.kr/,유,실내,회원 3시간 무료
금천구,생활체육관,금천청소년수련관 체육관,금천구 금하로30길 54,37.448335,126.915515,803-1318,,www.cyc.or.kr ,유,실내,-
구로구,수영장,50플러스수영장,구로구 오류로 36-25,37.4881908,126.8420685,2066-1515,1290㎡,https://www.gurosisul.or.kr/,유,실내,천왕역 환승센터 주차장 이용
구로구,생활체육관,신도림생활체육관,구로구 경인로 67길 149,37.5122164,126.8864678,1899-9912,,https://www.gurosisul.or.kr/,유,실내,회원 3시간 무료 초과시 30분당 1000원
구로구,생활체육관,개웅산생활체육관,구로구 개봉로3길 108-20,37.485685,126.8505602,3666-0287,,https://www.gurosisul.or.kr/,유,실내,회원 2시간 무료
구로구,생활체육관,구로구민체육센터,구로구 고척로45길 39,37.5059009,126.8531819,2681-9595,,https://www.gurosisul.or.kr/,유,실내,회원 2시간 무료
구로구,생활체육관,구로5동 구로구민생활체육관,구로구 새말로 18길 31,37.5051911,126.8927669,858-5150,,-,유,실내,주차 가능
구로구,생활체육관,구로청소년수련관 체육관,구로구 구로동로 141 ,37.4912729,126.8833142,838-1318 ,,http://www.guro1318.org/,유,실내,주차 가능
구로구,수영장,구로구민체육센터 수영장,구로구 고척로45길 39,37.5059009,126.8531819,2681-9595,,https://www.gurosisul.or.kr/,유,실내,회원 2시간 무료
구로구,수영장,궁동종합사회복지관 수영장,구로구 궁동 오리로22길 5,37.499142,126.829696,2613-9367,,http://www.happykd.or.kr,유,실내,-
구로구,수영장,구로청소년수련관 수영장,구로구 구로동로 141 ,37.4912729,126.8833142,838-1318 ,,http://www.guro1318.org/,유,실내,주차 가능
구로구,수영장,신도림생활체육관 수영장,구로구 경인로 67길 149,37.5122164,126.8864678,1899-9912,,https://www.gurosisul.or.kr/,유,실내,회원 3시간 무료 초과시 30분당 1000원
구로구,수영장,고척스카이돔 수영장,구로구 고척동 66-47,37.4958302,126.8674899,2066-5400,25m × 6레인,http://www.gocheok-sc.or.kr/,유,실내,고척돔 주차장 1시간 1800원(492면)
구로구,야구장,고척스카이돔 야구장,구로구 고척동 63-6,37.4987976,126.8672325,2128-2335,62443㎡,http://www.sisul.or.kr/open_content/skydome/,무,실내,고척돔 주차장 1시간 1800원(492면)
구로구,배드민턴장,오류고가하부 배드민턴장,구로구 오류2동 94-16,37.492371,126.8320344,2060-7259,10면,-,유,실내,주차 가능
구로구,배드민턴장,구로누리 배드민턴장,구로구 새말로 18길 39,37.5046337,126.8928463,869-9677,7면,https://www.gurosisul.or.kr/,유,실내,주차 가능(20면)
구로구,테니스장,계남근린공원 테니스장,구로구 고척2동 1-3번지 ,37.5094119,126.8575122,2681-5199,3면,http://www.guro.go.kr/culture/attraction/park/,유,실내,고척근린공원 공영주차장 이용
광진구,생활체육관,광진구민체육센터,광진구 구천면로 14 ,37.5461603,127.1065423,2049-4800,,http://gumin.gwangjin.or.kr/,유,실내,주차 가능(84면)
광진구,생활체육관,광진문화예술회관 체육관,광진구 능동로 76,37.5373529,127.0705248,2049-4570,,http://gjart.gwangjin.or.kr/,유,실내,주차 가능
광진구,생활체육관,중곡문화체육센터,광진구 능동로 433,37.5677533,127.0847135,3408-4900,,http://jgsports.gwangjin.or.kr/,유,실내,주차 가능 옥내(52면) 옥외(4면)
광진구,생활체육관,동부여성발전센터 체육관,광진구 아차산로 30길 36,37.539433,127.066707,460-2366,,http://dongbu.seoulwomanup.or.kr/,유,실내,최초 1시간 1000원 초과 10분당 200원(54면)
광진구,수영장,동부여성발전센터 수영장,광진구 아차산로 30길 36,37.539433,127.066707,460-2366,25m 5레인,http://dongbu.seoulwomanup.or.kr/,유,실내,최초 1시간 1000원 초과 10분당 200원(54면)
광진구,수영장,광진문화예술회관 수영장,광진구 능동로 76,37.5373529,127.0705248,2049-4570,25m 6레인,http://gjart.gwangjin.or.kr/,유,실내,주차 가능
광진구,수영장,광진구민체육센터 수영장,광진구 구천면로 14 ,37.5461603,127.1065423,2049-4800,290평,http://gumin.gwangjin.or.kr/,유,실내,주차 가능(84면)
광진구,수영장,중곡문화체육센터 수영장,광진구 능동로 433,37.5677533,127.0847135,3408-4900,676.1m²,http://jgsports.gwangjin.or.kr/,유,실내,주차 가능 옥내(52면) 옥외(4면)
광진구,골프연습장,광진구민체육센터 골프연습장,광진구 구천면로 14 ,37.5461603,127.1065423,2049-4800,10타석,http://gumin.gwangjin.or.kr/,유,실내,주차 가능(84면)
광진구,골프연습장,광진문화예술회관 골프연습장,광진구 능동로 76,37.5373529,127.0705248,2049-4570,12타석,http://gjart.gwangjin.or.kr/,유,실내,주차 가능
광진구,테니스장,어린이대공원 실내테니스장,광진구 능동 18,37.549363,127.0818126,450-9356,,-,무,실내,어린이대공원 공영주차장 이용
광진구,구기체육관,광장동실내배드민턴장,광진구 천호대로140길 40,37.544382,127.1001834,458-9062,,http://minton.gwangjin.or.kr/,유,실내,비회원 10분당 500원 / 회원 3시간 무료
관악구,수영장,관악구민종합체육센터 수영장,관악구 낙성대로3길 37,37.473014,126.9603062,875-1188,2147m²,https://www.gwanakgongdan.or.kr/,유,실내,회원 3시간 무료
관악구,수영장,신림체육센터 수영장,관악구 난곡로58길 13,37.4801485,126.9161948,869-1888,950.2m²,https://www.gwanakgongdan.or.kr/,유,실내,회원 3시간 무료
관악구,골프연습장,관악구민종합체육센터 골프연습장,관악구 낙성대로3길 37,37.473014,126.9603062,875-1188,2147m²,https://www.gwanakgongdan.or.kr/,유,실내,회원 3시간 무료
관악구,구기체육관,국사봉체육관,관악구 국회단지길 144,37.4916975,126.9413684,2081-2690,배드민턴장(10면),https://www.gwanakgongdan.or.kr/,유,실내,주차 가능
관악구,구기체육관,미성체육관,관악구 난우16길 37,37.4777468,126.9188017,2081-2635,배드민턴장(8면),https://www.gwanakgongdan.or.kr/,유,실내,-
관악구,구기체육관,청룡산체육관,관악구 관악로 5길 91-41,37.47594,126.9516004,2081-2635,배드민턴장(4면),https://www.gwanakgongdan.or.kr/,유,실내,주차 가능(14면)
관악구,구기체육관,장군봉체육관,관악구 남부순환로194길 81-12,37.4813112,126.9341533,2081-2635,배드민턴장(5면),https://www.gwanakgongdan.or.kr/,유,실내,-
관악구,생활체육관,관악구민종합체육센터,관악구 낙성대로3길 37,37.473014,126.9603062,875-1188,,https://www.gwanakgongdan.or.kr/,유,실내,회원 3시간 무료
관악구,생활체육관,신림체육센터,관악구 난곡로58길 13,37.4801485,126.9161948,869-1888,,https://www.gwanakgongdan.or.kr/,유,실내,회원 3시간 무료
관악구,생활체육관,관악청소년회관,관악구 신림로23길 17,37.4701424,126.9352208,876-0636,,http://www.goyouth.or.kr/,유,실내,주차 가능
관악구,수영장,관악청소년회관 수영장,관악구 신림로23길 17,37.4701424,126.9352208,876-0636,,http://www.goyouth.or.kr/,유,실내,주차 가능
강서구,구기체육관,마곡실내배드민턴장,강서구 양천로 251,37.573161,126.8316806,2063-3990,14면,-,유,실내,주차 가능
강서구,탁구장,서남물재생센터탁구장,강서구 마곡동 202번지,37.5740018,126.8229903,3661-1936,144.78㎡(4대),-,유,실내,주차 가능
강서구,골프연습장,강서구민 올림픽체육센터 골프연습장,강서구 화곡로 65길 62,37.5596266,126.8505729,3662-9082,,http://www.gssi.or.kr/,유,실내,주차 가능(48면)
강서구,수영장,강서구민 올림픽체육센터 수영장,강서구 화곡로 65길 62,37.5596266,126.8505729,3662-9082,25m 7레인,http://www.gssi.or.kr/,유,실내,주차 가능(48면)
강서구,수영장,마곡레포츠센터 수영장,강서구 양천로 251,37.573161,126.8316806,3662-9082,25m 6레인,http://www.gssi.or.kr/,유,실내,주차 가능
강서구,수영장,공항동문화체육센터 수영장,강서구 송정로 45,37.5585677,126.8100905,3662-9082,25m 6레인,http://www.gssi.or.kr/,유,실내,주차 가능
강서구,생활체육관,마곡레포츠센터,강서구 양천로 251,37.573161,126.8316806,3662-9082,,http://www.gssi.or.kr/,유,실내,주차 가능
강서구,생활체육관,공항동문화체육센터,강서구 송정로 45,37.5585677,126.8100905,3662-9082,,http://www.gssi.or.kr/,유,실내,주차 가능
강서구,생활체육관,강서구민 올림픽체육센터,강서구 화곡로 65길 62,37.5596266,126.8505729,3662-9082,,http://www.gssi.or.kr/,유,실내,주차 가능(48면)
강서구,생활체육관,가양레포츠센터,강서구 양천로 61길 101,37.5619849,126.863732,6741-0331,,http://www.gssi.or.kr/,유,실내,주차 가능
강북구,생활체육관,강북청소년수련관,강북구 4.19로 74 ,37.645936,127.0063804,6715-6611,,http://nanna.seoul.kr/,유,실내,-
강북구,수영장,강북문화예술회관 수영장,강북구 삼각산로 85,37.640776,127.01311,944-3000,932㎡,http://www.gangbukcmc.seoul.kr/,유,실내,10분당 150원
강북구,생활체육관,강북문화예술회관,강북구 삼각산로 85,37.640776,127.01311,944-3000,,http://www.gangbukcmc.seoul.kr/,유,실내,10분당 150원
강북구,생활체육관,강북웰빙스포츠센터,강북구 오현로 31길 5,37.6303938,127.0377586,944-2901,,http://www.gangbukcmc.seoul.kr/,유,실내,주차 가능
강북구,수영장,강북웰빙스포츠센터 수영장,강북구 오현로 31길 5,37.6303938,127.0377586,944-2901,,http://www.gangbukcmc.seoul.kr/,유,실내,주차 가능
강북구,수영장,강북청소년수련관 수영장,강북구 4.19로 74 ,37.645936,127.0063804,6715-6611,,http://nanna.seoul.kr/,유,실내,-
강북구,구기체육관,오동근린공원 실내배드민턴장,강북구 덕릉로42길 49,37.6328736,127.0320437,944-2912,8면,http://www.gangbukcmc.seoul.kr/,유,실내,주차 가능(15면)
강동구,생활체육관,온조대왕문화체육관,강동구 고덕로 285,37.5562542,127.1577177,2045-7800,,http://www.onjo.or.kr/,유,실내,주차 가능
강동구,생활체육관,해공체육문화센터,강동구 천중로 18길 61,37.5420355,127.1298616,477-2229,,http://haegonggym.igangdong.or.kr/,유,실내,10분당 300원
강동구,구기체육관,일자산 제1체육관,강동구 동남로 660,37.5330568,127.151191,472-0311,,http://iljasan.igangdong.or.kr,유,실내,-
강동구,구기체육관,일자산 제2체육관,강동구 동남로 620,37.5293211,127.149698,474-0319,,http://iljasan.igangdong.or.kr,무,실내,주차 가능
강동구,수영장,강동청소년회관수영장,강동구 양재대로138길 41,37.5496994,127.1462174,3426-6211,552.09㎡,http://www.kdyouth.or.kr/,유,실내,주차 가능
강동구,수영장,서울장애인복지관 스포츠센터 수영장,강동구 고덕로 201,37.555966,127.148303,441-4204,25m 5개 레인,www.seoulrehab.or.kr ,유,실내,-
강동구,수영장,온조대왕문화체육관 수영장,강동구 고덕로 285,37.5562542,127.1577177,2045-7800,971㎡,http://www.onjo.or.kr/,유,실내,주차 가능
강동구,배드민턴장,샘터근린공원,강동구 동남로 990,37.5372136,127.15142,427-3366,5면,-,무,실내,-
강동구,스크린사격장,명일중학교스크린사격장,강동구 양재대로156길 57,37.557063,127.1477463,070-8650-5813,,www.myungil.ms.kr/,무,실내,-
강동구,스크린사격장,고덕중학교 스크린사격장,강동구 동남로 82길 94,37.56008,127.161083,2045-6000,,godeok.ms.kr/,무,실내,-
강남구,생활체육관,강남구민회관,강남구 삼성로 154,37.4938503,127.0642598,2176-0891,,http://cna.gncity.or.kr/,유,실내,주차 가능
강남구,생활체육관,도곡체육문화센터,강남구 선릉로64길 33,37.4993211,127.054928,563-6777,,http://www.wbc4u.com/,유,실내,회원 3시간 무료(성인) 1시간 30분 무료(어린이 회원 차량)
강남구,생활체육관,언북문화체육센터,강남구 삼성로135길 42,37.5199257,127.0451,543-5991,,http://eonbuk.kr,유,실내,회원 1시간 30분 무료
강남구,골프연습장,수서청소년수련관 골프연습장,강남구 광평로 144,37.4835336,127.0887371,2226-3611~4 ? ?,,http://www.youtra.or.kr/,유,실내,주차 가능
강남구,골프연습장,태화기독교사회복지관,강남구 광평로 185,37.484625,127.093223,2040-1600,,www.taiwha.or.kr ,유,실내,주차 가능
강남구,골프연습장,강남스포츠문화센터 골프연습장,강남구 밤고개로1길 52,37.4889672,127.1052745,2176-0803,8타석,http://cna.gncity.or.kr/,유,실내,주차 가능
강남구,수영장,태화기독교사회복지관 수영장,강남구 광평로 185,37.484625,127.093223,2040-1600,,www.taiwha.or.kr ,유,실내,주차 가능
강남구,수영장,수서청소년수련관 수영장,강남구 광평로 144,37.4835336,127.0887371,2226-3611~4 ? ?,,http://www.youtra.or.kr/,유,실내,주차 가능
강남구,수영장,강남주민편익시설 수영장,강남구 남부순환로 3318,37.4940304,127.0928888,3412-2171,,http://ykasports.com/,유,실내,회원 3시간 무료
강남구,수영장,강남구립 역삼청소년수련관 수영장,강남구 논현로64길 7,37.4939252,127.0408998,550-3632,,http://www.gyyc.kr/,유,실내,주차 가능
강남구,수영장,강남스포츠문화센터 수영장,강남구 밤고개로1길 52,37.4889672,127.1052745,2176-0803,,http://cna.gncity.or.kr/,유,실내,주차 가능
강남구,생활체육관,수서청소년수련관,강남구 광평로 144,37.4835336,127.0887371,2226-3611~4 ? ?,,http://www.youtra.or.kr/,유,실내,주차 가능
강남구,생활체육관,역삼청소년수련관,강남구 논현로64길 7,37.4939252,127.0408998,550-3632,,http://www.gyyc.kr/,유,실내,주차 가능
강남구,생활체육관,강남주민편익시설,강남구 남부순환로 3318,37.4940304,127.0928888,3412-2171,,http://ykasports.com/,유,실내,회원 3시간 무료
강남구,생활체육관,동영문화센터,강남구 언주로 337,37.497839,127.0442979,559-5114,,http://www.dycenter.com/ ,유,실내,최초 30분 4500원 초과 10분당 1700원
강남구,생활체육관,대진체육관,강남구 개포로 109길 62,37.4960323,127.0787736,2176-0880,,http://cna.gncity.or.kr/,유,실내,-
강남구,생활체육관,강남스포츠문화센터,강남구 밤고개로1길 52,37.4889672,127.1052745,2176-0803,,http://cna.gncity.or.kr/,유,실내,주차 가능
강남구,생활체육관,강남구민체육관,강남구 개포로28길 47,37.477093,127.0518862,2176-0871,,http://cna.gncity.or.kr/,유,실내,주차 가능
강남구,골프연습장,청담문화센터,강남구 압구정로 79길 26,37.525043,127.0493,2176-0640,,-,유,실내,주차 가능
송파구,생활체육관,올림픽공원 스포츠센터,송파구 424,37.5145437,127.1065971,449-2526,,http://sports.ksponco.or.kr/index.es?sid=a2,유,실내외,회원 1종목 5시간 2종목 이상 최대 10시간 무료 / 해당종목 강습 외 요일 입차시 주차료 징수 최초 1시간 1000원 이후 15분당 500원
성북구,골프연습장,북악골프연습장,성북구 북악산로 537-14,37.6025709,126.9980322,919-4040,52타석 ,http://www.gongdan.go.kr/,유,실내외,주차 가능
강북구,골프연습장,오동골프클럽,강북구 오현로 117 ,37.6225862,127.0362994,944-2912,72타석,http://www.gangbukcmc.seoul.kr/,유,실내외,주차 가능
