자치구,분류,시설명,x좌표,y좌표
서초구,테니스장,반포종합운동장 테니스장,126.995446,37.501271
중랑구,수영장,중랑천물놀이시설,127.0773483,37.580646
중랑구,학교체육시설,면일초등학교,127.099679,37.592125
중랑구,테니스장,용마폭포공원테니스장,127.0891138,37.5733026
중랑구,축구장,용마폭포공원축구장,127.0891138,37.5733026
중랑구,클라이밍장,중랑스포츠클라이밍경기장,127.0891138,37.5733026
중랑구,야구장,신내차량기지체육시설,127.1077606,37.6115753
중랑구,테니스장,신내3지구 중랑IC하부,127.114493,37.61176
중랑구,축구장,중랑구립잔디운동장,127.1130279,37.6068611
중랑구,축구장,신내차량기지체육시설,127.1077606,37.6115753
중랑구,축구장,용마폭포공원축구장,127.0891138,37.5733026
중구,게이트볼장,손기정체육공원게이트볼장,126.9656754,37.5566797
중구,족구장,손기정체육공원족구장,126.964253,37.5547643
중구,학교체육시설,봉래초등학교,126.963877,37.556395
중구,학교체육시설,청구초등학교,127.013933,37.558454
중구,학교체육시설,장충고등학교,127.006451,37.552681
중구,국궁장,석호정,126.9998343,37.5544763
중구,야구장,장충리틀야구장,126.9948616,37.5535321
중구,축구장,손기정체육공원 인조잔디축구장,126.965988,37.556458
중구,테니스장,손기정체육공원테니스장,126.96648,37.554285
중구,테니스장,KTA장충장호테니스장 ,127.001957,37.55438
종로구,배드민턴장,인왕배드민턴장,126.9624337,37.5801935
종로구,배드민턴장,무악배드민턴장,126.9583863,37.5778359
종로구,배드민턴장,중앙배드민턴장,126.9656769,37.5770359
종로구,배드민턴장,숭인공원배드민턴장,127.0180263,37.5768198
종로구,배드민턴장,삼청공원배드민턴장,126.9803132,37.5893704
종로구,배드민턴장,와룡공원배드민턴장,126.9871209,37.5897312
종로구,테니스장,삼청테니스장,126.9803132,37.5893704
종로구,학교체육시설,청운초등학교,126.969468,37.585788
종로구,국궁장,황학정 ,126.964215,37.577925
은평구,테니스장,장미동산테니스장,126.9391849,37.6065933
은평구,풋살장,진관풋살구장,126.9165091,37.629995
은평구,풋살장,증산풋살구장,126.9032884,37.5843135
은평구,배구장,은평구생활체육광장,126.9032884,37.5843135
은평구,족구장,은평구생활체육광장,126.9032884,37.5843135
은평구,농구장,은평구생활체육광장,126.9032884,37.5843135
은평구,축구장,은평구생활체육광장,126.9032884,37.5843135
은평구,테니스장,은평구민체육센터 테니스장,126.9236287,37.6304386
은평구,축구장,은평구립축구장,126.9246861,37.6305699
은평구,학교체육시설,예일여자고등학교,126.915369,37.610748
은평구,학교체육시설,증산초등학교,126.904188,37.582793
은평구,게이트볼장,진관게이트볼장,126.9308276,37.6444095
은평구,게이트볼장,기자촌근린공원 게이트볼장,126.9368536,37.6324813
은평구,게이트볼장,신사근린공원 게이트볼장,126.909889,37.5918604
은평구,게이트볼장,장미동산게이트볼장,126.9391849,37.6065933
용산구,농구장,효창공원 농구장,126.9597415,37.5450249
용산구,배드민턴장,동작대교하부 배드민턴장,126.983225,37.518032
용산구,게이트볼장,동작대교하부 게이트볼장,126.9832381,37.5179703
용산구,학교체육시설,삼광초등학교,126.976576,37.547213
용산구,학교체육시설,중경고등학교,126.975711,37.517753
용산구,학교체육시설,이태원초등학교,126.987992,37.536017
용산구,학교체육시설,원효초등학교,126.951767,37.536034
용산구,축구장,효창운동장,126.961127,37.54339
용산구,축구장,이촌한강공원 축구장,126.970219,37.517711
용산구,축구장,이촌한강공원 거북축구장,126.971555,37.517396
용산구,축구장,이촌한강공원 축구교육장,126.970216,37.51771
용산구,게이트볼장,이촌한강공원,126.9597682,37.5219225
용산구,테니스장,이촌한강공원,126.985271,37.516459
용산구,족구장,이촌한강공원,126.9648856,37.5201563
용산구,농구장,이촌한강공원,126.9648856,37.5201563
용산구,배구장,이촌한강공원,126.985271,37.515693
용산구,인라인스케이트장,이촌한강공원1,126.973162,37.516459
용산구,인라인스케이트장,이촌한강공원2,126.973162,37.516459
용산구,테니스장,응봉근린공원 한남테니스장,127.00393,37.546854
용산구,배드민턴장,효창공원 배드민턴장,126.962475,37.544758
용산구,게이트볼장,효창공원 게이트볼장,126.9597415,37.5450249
용산구,게이트볼장,청파3가 게이트볼장,126.965976,37.543423
영등포구,축구장,영롱이 갈대2구장,126.886243,37.543672
영등포구,축구장,영롱이 갈대1구장,126.8813009,37.5179868
영등포구,학교체육시설,선유중학교,126.894325,37.532881
영등포구,축구장,양화한강공원 축구장,126.902254,37.538351
영등포구,축구장,영롱이 억새3구장,126.880755,37.521468
영등포구,배드민턴장,도림2동유수지내체육시설,126.89735,37.506794
영등포구,클라이밍장,도림2동유수지내체육시설,126.89735,37.506794
영등포구,족구장,오목교족구장,126.8805578,37.5249456
영등포구,빙상장,여의 아이스파크,126.9223229,37.5268082
영등포구,학교체육시설,여의도중학교,126.935828,37.523907
영등포구,족구장,도림2동유수지내체육시설,126.89735,37.506794
영등포구,풋살장,영등포공원 풋살경기장,126.9122002,37.5157786
영등포구,수영장,여의도 한강공원 수영장,126.920543,37.533493
영등포구,골프연습장,여의도 한강공원 파크골프장,126.942753,37.51919
영등포구,테니스장,대림체육공원 테니스장,126.895196,37.504335
영등포구,축구장,대림체육공원 축구장,126.895196,37.504335
영등포구,농구장,대림체육공원 농구장,126.895196,37.504335
영등포구,배드민턴장,대림체육공원 배드민턴장,126.895196,37.504335
영등포구,배구장,양화한강공원 배구장,126.902254,37.538351
영등포구,농구장,양화한강공원 농구장,126.902254,37.538351
영등포구,풋살장,성산대교풋살장,126.8882346,37.546533
영등포구,축구장,영롱이 억새1구장,126.880755,37.519267
영등포구,축구장,영롱이 억새2구장,126.880725,37.520316
영등포구,축구장,대림운동장 인조잔디구장,126.8948104,37.4996112
영등포구,축구장,영롱이 갈대3구장,126.886752,37.542727
양천구,축구장,목동다목적경기장,126.8800082,37.5283271
양천구,인라인스케이트장,안양천체육생태공원 인라인스케이트장,126.879192,37.52041
양천구,농구장,안양천체육생태공원 농구장,126.879192,37.52041
양천구,간이운동장,해누리체육공원,126.8800082,37.5283271
양천구,학교체육시설,신목고등학교,126.873574,37.512802
양천구,학교체육시설,정목초등학교,126.870291,37.537273
양천구,족구장,안양천체육생태공원 족구장,126.879192,37.52041
양천구,야구장,안양천체육생태공원 야구장,126.879192,37.52041
양천구,골프연습장,안양천체육생태공원 파크골프장,126.885243,37.54164
양천구,테니스장,목동테니스장,126.8785006,37.5286789
양천구,족구장,오목교족구장,126.8805578,37.5249456
양천구,야구장,목동야구장,126.8810483,37.5305809
양천구,야구장,신월야구장,126.8267642,37.5303487
양천구,다목적운동장,용왕산근린공원 다목적운동장,126.8779655,37.5436283
양천구,육상경기장,목동종합운동장 주경기장,126.8810483,37.5305809
양천구,축구장,해누리체육공원,126.872926,37.511936
양천구,축구장,해마루축구장,126.878393,37.518164
양천구,축구장,해누리축구장B,126.872159,37.511909
양천구,축구장,해누리축구장A,126.872454,37.511339
양천구,국궁장,영학정,126.879428,37.527296
양천구,축구장,별마루축구장,126.8782,37.51625
송파구,테니스장,올림픽 테니스경기장,127.128278,37.515452
송파구,인라인스케이트장,송파구인라인경기장,127.134042,37.501052
송파구,족구장,성내천변족구장,127.118943,37.524474
송파구,테니스장,오금공원 테니스장,127.134043,37.5010097
송파구,테니스장,오륜 테니스장,127.140688,37.5132
송파구,테니스장,송파 테니스장,127.110907,37.519056
송파구,테니스장,성내천변테니스장,127.11005,37.524264
송파구,골프연습장,잠실파크골프장,127.0749534,37.5140929
송파구,축구장,천마공원 축구장,127.1601091,37.50036
송파구,수영장,잠실한강공원 수영장,127.0867236,37.5175896
송파구,축구장,광나루한강공원 축구장3,127.115902,37.54071
송파구,축구장,송파구시각장애인축구장,127.1175084,37.5247175
송파구,축구장,송파구 여성축구장,127.1175084,37.5247175
송파구,족구장,송파구 족구장,127.1175084,37.5247175
송파구,족구장,풍납족구장,127.1102853,37.5305896
송파구,인라인스케이트장,송파구 다목적경기장,127.134043,37.5010097
송파구,풋살장,잠실종합운동장 풋살장,127.0749534,37.5140929
송파구,족구장,잠실한강공원 족구장,127.0867236,37.5175896
송파구,배구장,잠실한강공원 배구장,127.0867236,37.5175896
송파구,농구장,잠실한강공원 농구장,127.0867236,37.5175896
송파구,배드민턴장,잠실한강공원 배드민턴장,127.0867236,37.5175896
송파구,야구장,잠실 야구장,127.0749534,37.5140929
송파구,야구장,잠실유소년야구장,127.076628,37.503758
송파구,빙상장,올림픽스케이트장,127.1165203,37.5217853
성북구,학교체육시설,동신초등학교,127.017073,37.582706
성북구,간이운동장,정릉북악체육시설,126.9941692,37.6098905
성북구,배드민턴장,종암동 배드민턴장,127.038134,37.601633
성북구,테니스장,성북구민체육관(월곡테니스장),127.0403978,37.6106079
성북구,테니스장,정릉체육시설 테니스장,126.9941692,37.6098905
성북구,족구장,정릉족구장,127.0039598,37.6073218
성북구,축구장,월곡인조잔디축구장,127.0403978,37.6106079
성북구,축구장,월곡구민운동장,127.0403978,37.6106079
성북구,풋살장,석관풋살장,127.0701538,37.6083629
성북구,족구장,석관족구장,127.0693037,37.6105908
성북구,학교체육시설,돈암초등학교,127.013128,37.593352
성북구,학교체육시설,장위초등학교,127.049964,37.611898
성북구,학교체육시설,경동고등학교,127.014584,37.586161
성동구,수영장,살곶이체육공원 수영장,127.048259,37.553807
성동구,생활체육관,성동구민종합체육센터,127.0440489,37.5458249
성동구,생활체육관,열린금호교육문화관 체육관,127.0203276,37.5522036
성동구,생활체육관,마장국민체육센터,127.0407557,37.5620828
성동구,생활체육관,금호스포츠센터,127.0250663,37.5455958
성동구,구기체육관,대현산체육관,127.030079,37.5539276
성동구,구기체육관,금호공원체육관,127.0187017,37.5493239
성동구,수영장,성동구민종합체육센터 수영장,127.0440489,37.5458249
성동구,수영장,마장국민체육센터 수영장,127.0407557,37.5620828
성동구,수영장,열린금호교육문화관 수영장,127.0203276,37.5522036
성동구,배드민턴장,서울숲 배드민턴장,127.04052,37.546252
성동구,게이트볼장,서울숲 게이트볼장,127.040025,37.54633
성동구,인라인스케이트장,서울숲 스케이트파크,127.0418547,37.5431644
성동구,풋살장,서울숲 풋살장,127.040707,37.546381
성동구,농구장,서울숲 농구장,127.040382,37.545976
성동구,테니스장,서울숲 테니스장,127.040244,37.546519
성동구,테니스장,응봉테니스장,127.0362233,37.5511225
성동구,테니스장,마장테니스장,127.0389211,37.5640925
성동구,테니스장,응봉공원 테니스장,127.0217208,37.556878
성동구,풋살장,응봉공원,127.0217208,37.556878
성동구,축구장,응봉공원 응봉축구장,127.0217208,37.556878
성동구,야구장,응봉체육공원,127.0376497,37.5522289
성동구,족구장,응봉체육공원,127.0376497,37.5522289
성동구,풋살장,응봉체육공원,127.0376497,37.5522289
성동구,농구장,응봉체육공원,127.0376497,37.5522289
성동구,게이트볼장,응봉체육공원,127.0376497,37.5522289
성동구,테니스장,응봉체육공원,127.0376497,37.5522289
성동구,축구장,응봉교하단 체육시설,127.0374819,37.551814
성동구,풋살장,응봉교하단 체육시설,127.0374819,37.551814
성동구,테니스장,응봉교하단 체육시설,127.0374819,37.551814
성동구,족구장,응봉교하단 체육시설,127.0374819,37.551814
성동구,야구장,응봉교하단 체육시설,127.0374819,37.551814
성동구,배드민턴장,금호유수지 체육시설,127.0250663,37.5455958
성동구,게이트볼장,송정체육공원,127.0671,37.553722
성동구,축구장,중랑물재생센터 축구장,127.0607724,37.5587143
성동구,족구장,중랑물재생센터 족구장,127.0607724,37.5587143
성동구,배드민턴장,중랑물재생센터 배드민턴장,127.0607724,37.5587143
성동구,테니스장,중랑물재생센터 테니스장,127.0607724,37.5587143
성동구,국궁장,중랑천변 국궁장,127.069615,37.558354
성동구,풋살장,용답동 풋살장,127.061109,37.560429
성동구,농구장,성수구두테마공원,127.052407,37.544765
성동구,인라인스케이트장,살곶이체육공원 인라인스케이트장,127.048259,37.553807
성동구,축구장,살곶이체육공원 축구장,127.048259,37.553807
성동구,야구장,살곶이체육공원 야구장,127.048259,37.553807
성동구,축구장,뚝섬유수지체육공원 축구장,127.039652,37.5497448
성동구,농구장,뚝섬유수지체육공원 농구장,127.039652,37.5497448
성동구,족구장,뚝섬유수지체육공원 족구장,127.039652,37.5497448
성동구,인라인스케이트장,뚝섬유수지체육공원 인라인스케이트장,127.039652,37.5497448
성동구,배드민턴장,뚝섬유수지체육공원 배드민턴장,127.039652,37.5497448
성동구,학교체육시설,금호초등학교,127.020099,37.552669
성동구,학교체육시설,경수중학교,127.058345,37.539505
서초구,테니스장,잠원한강공원 테니스장,127.009883,37.519427
서초구,수영장,양재천수영장,127.0353225,37.4733403
서초구,축구장,반포종합운동장 축구장,126.9944578,37.5045471
서초구,축구장,잠원한강공원 축구장,127.0195,37.52772
서초구,수영장,잠원한강공원 수영장,127.009883,37.519427
서초구,테니스장,내곡동체육시설 테니스장,127.082788,37.458809
서초구,축구장,방배배수지 축구장,126.9918499,37.4728927
서초구,다목적운동장,방배배수지 체육공원,126.9918499,37.4728927
서초구,족구장,우면체육시설,127.0215801,37.4610658
서초구,풋살장,우면체육시설,127.0215801,37.4610658
서초구,간이운동장,우면체육시설,127.0215801,37.4610658
서초구,축구장,양재근린공원 축구장,127.0423853,37.4715434
서초구,게이트볼장,우면산근린공원 게이트볼장,127.0290574,37.4732214
서초구,학교체육시설,언남중?고등학교,127.043953,37.472496
서초구,학교체육시설,신동중학교,127.013235,37.516597
서초구,학교체육시설,서일중학교,127.022175,37.499223
서초구,축구장,서울시인재개발원 축구장,127.0218775,37.4795371
서초구,축구장,반포한강공원 축구장,127.0182303,37.5173518
서초구,농구장,반포한강공원 농구장,127.0182303,37.5173518
서초구,배드민턴장,반포한강공원 배드민턴장,126.995534,37.5083812
서초구,배드민턴장,새우촌근린공원 이수 배드민턴장,126.9888319,37.4800699
서초구,배드민턴장,서리풀근린공원 서리풀 배드민턴장,127.0015711,37.4838743
서초구,테니스장,양재시민의숲 테니스장,127.0367358,37.4712172
서초구,다목적운동장,방배배수지 체육공원,126.9918499,37.4728927
서대문구,축구장,서대문구립 인조잔디구장,126.930585,37.580081
서대문구,축구장,서대문돌산 인조잔디구장,126.945937,37.602831
서대문구,농구장,홍제농구장,126.949274,37.5949801
서대문구,테니스장,홍은동 테니스장,126.9402809,37.5968766
서대문구,테니스장,현저동 테니스장,126.95227,37.5735117
서대문구,테니스장,가좌 테니스장,126.9295629,37.5825535
서대문구,게이트볼장,궁동게이트볼장,126.9308531,37.5739585
서대문구,학교체육시설,이화금란고등학교,126.947331,37.566229
서대문구,학교체육시설,홍제초등학교,126.9449,37.593274
서대문구,학교체육시설,정원여자중학교,126.933366,37.58527
서대문구,학교체육시설,북성초등학교,126.951885,37.559091
서대문구,게이트볼장,홍제게이트볼장,126.9477665,37.5946801
서대문구,학교체육시설,홍연초등학교,126.930813,37.581924
마포구,축구장,난지천인조잔디축구장,126.8975812,37.5642503
마포구,축구장,마포 난지천 인조잔디 축구장,126.8875503,37.5714779
마포구,농구장,망원유수지체육공원,126.9041813,37.557815
마포구,축구장,망원유수지체육공원,126.9041813,37.557815
마포구,풋살장,망원유수지체육공원,126.9041813,37.557815
마포구,축구장,서울월드컵경기장,126.8981147,37.5677584
마포구,축구장,서울월드컵경기장 보조경기장,126.898275,37.571363
마포구,축구장,월드컵공원 인조잔디축구장,126.883857,37.574194
마포구,풋살장,서울월드컵경기장 풋살구장,126.8985231,37.5725413
마포구,농구장,월드컵공원다목적구장,126.8875503,37.5714779
마포구,야구장,망원 어린이 야구장,126.8957099,37.5546098
마포구,테니스장,월드컵공원 테니스장,126.897579,37.564393
마포구,게이트볼장,망원동 게이트볼장,126.8997121,37.5535839
마포구,골프연습장,월드컵파크골프장,126.885455,37.5674467
마포구,산악자전거체험장,난지한강공원 산악자전거체험장,126.8808458,37.5651713
마포구,축구장,망원한강공원 축구장,126.8957099,37.5546098
마포구,농구장,망원한강공원 농구장,126.8957099,37.5546098
마포구,수영장,망원한강공원 수영장,126.892484,37.55716
마포구,배구장,망원한강공원 배구장,126.8957099,37.5546098
마포구,테니스장,망원한강공원 테니스장,126.899686,37.551907
마포구,족구장,망원한강공원 족구장,126.9376782,37.5411162
마포구,국궁장,난지한강공원 국궁장,126.863598,37.574191
마포구,농구장,난지한강공원 농구장,126.8794664,37.5661241
마포구,야구장,난지한강공원 야구장,126.8755733,37.5682586
마포구,족구장,난지한강공원 족구장,126.8794664,37.5661241
마포구,학교체육시설,아현중학교,126.957135,37.556374
마포구,학교체육시설,창천초등학교,126.939661,37.55504
동작구,인라인스케이트장,보라매공원,126.9197115,37.4932342
동작구,테니스장,노량진근린공원 테니스장,126.9281351,37.5075564
동작구,테니스장,동작주차공원 테니스장,126.9772942,37.5036663
동작구,테니스장,동작테니스장,126.9778434,37.5033405
동작구,축구장,노들나루공원 인조잔디구장,126.953907,37.5138235
동작구,테니스장,현충근린공원 테니스장,126.9596033,37.4978614
동작구,게이트볼장,노량진근린공원(대방) 게이트볼장,126.9285912,37.5100726
동작구,게이트볼장,노량진근린공원(고구동산) 게이트볼장,126.9541709,37.5086944
동작구,게이트볼장,현충근린공원(달마) 게이트볼장,126.865421,37.484025
동작구,족구장,노들나루공원 족구장,126.953907,37.5138235
동작구,풋살장,노들나루공원 풋살장,126.953907,37.5138235
동작구,간이운동장,노량진근린공원(고구동산) 다목적구장,126.9541709,37.5086944
동작구,간이운동장,송학대공원,126.943711,37.508627
동작구,배드민턴장,보라매공원,126.9197115,37.4932342
동작구,배드민턴장,송학대공원 배드민턴장,126.943711,37.508627
동작구,축구장,보라매공원 인조구장,126.9197115,37.4932342
동작구,테니스장,보라매공원 테니스장,126.9190652,37.4950042
동작구,게이트볼장,보라매공원,126.9197115,37.4932342
동대문구 ,테니스장,중랑천1체육공원,127.075431,37.566925
동대문구,학교체육시설,숭인중학교,127.04388,37.573706
동대문구,테니스장,장평근린공원 테니스장,127.0739112,37.5668194
동대문구,농구장,간데메공원 농구장,127.048663,37.573581
동대문구,수영장,동대문구 야외수영장,127.0761511,37.5681263
동대문구,학교체육시설,전동초등학교,127.061378,37.579472
도봉구,게이트볼장,도봉게이트볼장,127.0504324,37.6814902
도봉구,학교체육시설,창일중학교,127.047166,37.648245
도봉구,학교체육시설,도봉중학교,127.045696,37.670655
도봉구,학교체육시설,창동중학교,127.049801,37.66272
도봉구,학교체육시설,초당초등학교,127.022289,37.658083
도봉구,학교체육시설,도봉초등학교,127.038365,37.679317
도봉구,축구장,다락원체육공원,127.0480981,37.6893266
도봉구,테니스장,다락원체육공원,127.0480981,37.6893266
도봉구,배드민턴장,다락원체육공원,127.0480981,37.6893266
도봉구,풋살장,초안산 풋살경기장,127.0414291,37.6474261
도봉구,농구장,쌍문근린공원,127.0290879,37.6541919
도봉구,농구장,창동산 농구장,127.0413585,37.6441026
도봉구,축구장,초안산 창골인조잔디구장,127.0414291,37.6474261
도봉구,테니스장,창동 생활체육테니스장,127.051524,37.657598
도봉구,학교체육시설,신도봉중학교,127.033217,37.649517
도보구,축구장,창동축구장,127.050426,37.656196
노원구,축구장,불암산축구장,127.0840075,37.6391199
노원구,풋살장,불암산풋살장,127.0840075,37.6391199
노원구,국궁장,수락정,127.08544,37.683879
노원구,족구장,불암산족구장,127.0840075,37.6391199
노원구,야구장,육사야구장,127.0979415,37.629688
노원구,수영장,중랑천워터파크,127.056264,37.6444435
노원구,축구장,마들스타디움 축구장,127.0585375,37.6438715
노원구,테니스장,마들스타디움 테니스장,127.0585375,37.6438715
노원구,론볼장,불암산론볼장,127.0840075,37.6391199
노원구,야구장,불암산야구장,127.0840075,37.6391199
노원구,테니스장,불암산테니스장,127.0840075,37.6391199
노원구,축구장,초안산근린공원 축구장,127.0519475,37.6383233
노원구,테니스장,초안산근린공원 테니스장,127.0519475,37.6383233
노원구,풋살장,초안산풋살장,127.0519475,37.6383233
노원구,풋살장,당고개풋살장,127.0883127,37.6758576
노원구,골프연습장,중랑천파크골프장,127.058363,37.6372286
노원구,간이운동장,공릉동다목적구장,127.0884994,37.6234019
노원구,골프연습장,공릉동근린공원,127.087187,37.6207689
노원구,축구장,노해근린공원 축구장,127.0706261,37.6481175
노원구,학교체육시설,당현초등학교,127.058438,37.64856
노원구,학교체육시설,수암초등학교,127.081521,37.648311
노원구,학교체육시설,중현초등학교,127.066353,37.632489
노원구,학교체육시설,중평중학교,127.062346,37.636923
노원구,학교체육시설,상경초등학교,127.05168,37.670392
노원구,학교체육시설,상원중학교,127.059406,37.67173
노원구,학교체육시설,하계중학교,127.071575,37.640758
노원구,학교체육시설,청계초등학교,127.066207,37.644838
금천구,풋살장,안양천박미풋살장,126.901076,37.4382814
금천구,테니스장,독산 테니스장,126.9064282,37.4749586
금천구,축구장,독산동 잔디축구장,126.8841338,37.4636133
금천구,학교체육시설,독산고등학교,126.910976,37.476624
구로구,축구장,고척근린공원 운동장,126.853168,37.505969
구로구,양궁장,안양천체육생태공원,126.8805914,37.5077345
구로구,국궁장,안양천체육생태공원,126.8805914,37.5077345
구로구,인라인스케이트장,안양천체육생태공원,126.8805914,37.5077345
구로구,야구장,안양천체육생태공원,126.8805914,37.5077345
구로구,게이트볼장,안양천체육생태공원,126.8805914,37.5077345
구로구,축구장,안양천체육생태공원 C구장,126.8805914,37.5077345
구로구,축구장,안양천체육생태공원 B구장,126.8805914,37.5077345
구로구,축구장,안양천체육생태공원 A구장,126.8805914,37.5077345
구로구,축구장,고척스카이돔 야외 축구장,126.8674899,37.4958302
구로구,풋살장,고척스카이돔 야외 풋살장,126.8672325,37.4987976
구로구,학교체육시설,구로초등학교,126.885983,37.49719
구로구,학교체육시설,신도림고등학교,126.882053,37.514207
구로구,학교체육시설,구현고등학교,126.874523,37.502219
구로구,학교체육시설,개웅중학교,126.851237,37.487244
구로구,농구장,고척돔구장 주차장 내 농구장,126.8674899,37.4958302
구로구,축구장,계남근린공원 인조잔디 축구장,126.8555162,37.5086492
구로구,테니스장,신도림테니스장,126.8820604,37.5127968
구로구,축구장,계남근린공원 축구장,126.855354,37.508683
구로구,테니스장,고척근린공원 테니스장,126.853168,37.505969
광진구,생활체육관,광진청소년수련관 농구장,127.1065423,37.5461603
광진구,야구장,구의야구공원,,
광진구,축구장,뚝섬한강공원,127.075835,37.528161
광진구,족구장,뚝섬한강공원,127.0762385,37.5277575
광진구,농구장,뚝섬한강공원,127.0762385,37.5277575
광진구,수영장,뚝섬한강공원,127.067039,37.529825
광진구,배드민턴장,뚝섬한강공원,127.0738405,37.528537
광진구,테니스장,뚝섬한강공원,127.0753793,37.5278859
광진구,인라인스케이트장,광장동체육부지 인라인스케이트장,127.106831,37.545705
광진구,인라인스케이트장,중랑천체육공원 인라인스케이트장,,
광진구,게이트볼장,어린이대공원 게이트볼장,127.0818126,37.549363
광진구,축구장,어린이대공원 잔디축구장,127.0818126,37.549363
광진구,풋살장,어린이대공원 풋살장,127.0818126,37.549363
광진구,테니스장,어린이대공원 테니스장,127.0818126,37.549363
광진구,테니스장,아차산배수지체육공원 테니스장,127.0958048,37.5486303
광진구,간이운동장,아차산배수지체육공원,127.0958048,37.5486303
광진구,축구장,아차산배수지 인조잔디축구장,127.09698,37.548796
광진구,인라인스케이트장,광장동체육공원,127.1052825,37.5478086
광진구,학교체육시설,광남초등학교,127.100714,37.541111
광진구,학교체육시설,구의초등학교,127.080344,37.543094
관악구,축구장,성보고등학교,126.9207947,37.4801177
관악구,농구장,성보고등학교,126.9207947,37.4801177
관악구,족구장,당곡중학교,126.9330422,37.4919353
관악구,간이운동장,당곡중학교,126.9330422,37.4919353
관악구,테니스장,당곡고등학교,126.9346016,37.4916205
관악구,학교체육시설,관악초등학교,126.943311,37.480723
관악구,학교체육시설,당곡중학교,126.933189,37.491986
관악구,학교체육시설,남부초등학교,126.922095,37.484942
관악구,농구장,당곡고등학교,126.9346016,37.4916205
관악구,테니스장,난우공원 테니스장,126.9383251,37.4626176
관악구,테니스장,선우공원 테니스장,126.9383251,37.4626176
관악구,테니스장,관악구민 테니스장,126.9569753,37.4753202
관악구,축구장,관악구민운동장,126.9569753,37.4753202
관악구,축구장,관악제2구민운동장,126.9516133,37.4784063
관악구,국궁장,관악정 궁도장,126.9516133,37.4784063
관악구,족구장,선우공원 족구장,126.9137832,37.4683524
관악구,배드민턴장,난우공원 배드민턴장,126.9214408,37.4781214
강서구,축구장,우장산 인조잔디구장,126.845108,37.550438
강서구,족구장,강서한강공원 족구장,126.8143969,37.5879925
강서구,축구장,강서한강공원 축구장,126.815224,37.588229
강서구,축구장,가양축구장,126.865356,37.559879
강서구,테니스장,우장 테니스장,126.845811,37.550593
강서구,테니스장,구립 테니스장,126.815581,37.583794
강서구,족구장,양천로족구장,126.8190645,37.5835919
강서구,국궁장,서울공항정,126.842843,37.552295
강서구,테니스장,서남물재생센터공원테니스장,126.824228,37.574421
강서구,농구장,서남물재생센터공원,126.822494,37.57649
강서구,축구장,서남물재생센터공원,126.813873,37.5764563
강서구,풋살장,서남물재생센터공원,126.820716,37.577124
강서구,게이트볼장,서남물재생센터공원,126.820271,37.577972
강서구,학교체육시설,치현초등학교,126.814632,37.57555
강서구,학교체육시설,가곡초등학교,126.835818,37.555371
강서구,학교체육시설,경서중학교,126.858638,37.561189
강서구,학교체육시설,가양초등학교,126.858954,37.561762
강북구,족구장,오동근린공원 족구장,127.038191,37.6284908
강북구,학교체육시설,우이초등학교,127.014898,37.638722
강북구,학교체육시설,수송중학교,127.033889,37.636975
강북구,학교체육시설,수송초등학교,127.033317,37.637204
강북구,학교체육시설,미양초등학교,127.013725,37.621261
강북구,축구장,강북구민운동장,127.037716,37.6295726
강동구,학교체육시설,길동초등학교,127.144761,37.538107
강동구,생활체육관,강동유소년 스포츠센터,127.1718747,37.5506038
강동구,족구장,샘터근린공원,127.15142,37.5372136
강동구,수영장,광나루한강공원 수영장,127.1221964,37.5521525
강동구,축구장,광나루한강공원 축구장1~2,127.1216882,37.5499421
강동구,배구장,광나루한강공원 배구장,127.1216882,37.5499421
강동구,농구장,광나루한강공원 농구장,127.1221964,37.5521525
강동구,야구장,광나루 성인 야구장,127.1129382,37.5378693
강동구,야구장,광나루 성인 야구장,127.119443,37.5464653
강동구,야구장,광나루 어린이 야구장,127.119443,37.5464653
강동구,족구장,광나루한강공원 족구장,127.1221964,37.5521525
강동구,족구장,광나루한강공원 족구장,127.119443,37.5464653
강동구,농구장,광나루한강공원 농구장,127.119443,37.5464653
강동구,배구장,광나루한강공원 배구장,127.119443,37.5464653
강동구,축구장,인조잔디축구장,127.119443,37.5464653
강동구,테니스장,한강공원 광나루지구 테니스장,127.1216882,37.5499421
강동구,축구장,동명근린공원 인조잔디축구장,127.16486,37.5607615
강동구,테니스장,강일테니스장,127.1648136,37.574449
강동구,테니스장,강동테니스장,127.1645763,37.5517031
강동구,테니스장,명일중학교테니스장,127.1477463,37.557063
강동구,골프연습장,해공골프연습장,127.1288401,37.5410386
강동구,인라인스케이트장,광나루 인라인스케이트장,127.1175022,37.5433954
강동구,X-게임장,강동 X-게임장,127.1176826,37.5422956
강동구,레이싱경기장,한강공원 광나루지구 레이싱경기장,127.1221964,37.5521525
강동구,학교체육시설,성일초등학교,127.128338,37.529085
강남구 ,축구장,탄천물재생센터축구장,127.0895837,37.495207
강남구 ,테니스장,탄천물재생센터테니스장,127.0895837,37.495207
강남구,학교체육시설,신구초등학교,127.024022,37.523334
강남구,학교체육시설,대왕초등학교,127.105153,37.464252
강남구,학교체육시설,논현초등학교,127.026129,37.508387
강남구,학교체육시설,언주초등학교,127.037155,37.486695
강남구,학교체육시설,영희초등학교,127.080963,37.492235
강남구,학교체육시설,언북초등학교,127.045044,37.519789
강남구,학교체육시설,포이초등학교,127.052808,37.476239
강남구,수영장,한강시민공원 잠원수영장,127.0122724,37.5206865
강남구,족구장,대치유수지체육공원 족구장,127.067699,37.505195
강남구,농구장,대치유수지체육공원 농구장,127.067699,37.505195
강남구,축구장,대치유수지체육공원 축구장,127.067699,37.505195
강남구,테니스장,대치유수지체육공원 테니스장,127.067699,37.505195
강남구,테니스장,포이테니스장,127.0554543,37.4755799
강남구,테니스장,봉은테니스장,127.0554775,37.5138721
강남구,농구장,잠원한강공원 농구장,127.0189266,37.5275007
강남구,배구장,잠원한강공원 배구장,127.0189266,37.5275007
중구,공원,남산도시자연공원,126.9903773,37.5501402
강동구,공원,길동생태공원,127.1547791,37.5403935
과천시,공원,서울대공원,127.0198465,37.4264494
성동구,공원,서울숲,127.0417982,37.5430717
마포구,공원,월드컵공원,126.878907,37.571805
종로구,공원,광화문시민열린마당,126.9780227,37.5750449
은평구,공원,진관근린공원(구파발폭포),126.9192155,37.6370244
영등포구,공원,중마루근린공원,126.9112668,37.519832
성동구,공원,응봉공원,127.0217653,37.5572281
강서구,공원,매화근린공원,126.86115,37.5575833
성동구,공원,성수근린공원,127.0524023,37.5448144
강동구,공원,샛마을근린공원,127.1471618,37.5504807
영등포구,공원,여의도근린공원,126.922377,37.526129
동대문구,공원,간데메근린공원,127.0488644,37.5732438
중구,공원,훈련원근린공원,127.0038188,37.5675245
영등포구,공원,영등포근린공원,126.910662,37.515423
동작구,공원,보라매근린공원,126.918289,37.492333
광진구,공원,어린이대공원,127.0809212,37.5498987
강동구,공원,천호근린공원,127.1263451,37.5444741
용산구,공원,용산가족공원,126.983335,37.522226
서대문구,공원,독립근린공원,126.956771,37.5738289
종로구,공원,낙산근린공원,127.007587,37.580477
서초구,공원,양재시민의숲,127.035042,37.471225
관악구,공원,관악산도시자연공원,126.96413,37.445208
용산구,공원,효창근린공원,126.95993,37.545234
금천구,공원,감로천생태공원(관악산),126.9079509,37.469625
성북구,공원,개운산근린공원,127.0252858,37.5965837
구로구,공원,개웅산근린공원,126.8485734,37.4888943
종로구,공원,경희궁,126.9685341,37.570773
동작구,공원,국립현충원,126.9736849,37.4998621
양천구,공원,계남근린공원,126.8479643,37.5138358
구로구,공원,고척근린공원,126.8521495,37.5042944
양천구,공원,파리근린공원,126.8763932,37.5349739
강서구,공원,허준공원,126.8526745,37.5679874
서대문구,공원,궁동근린공원,126.9229851,37.5690506
강서구,공원,궁산근린공원,126.838952,37.5735645
동작구,공원,까치산근린공원,126.9640735,37.4845836
강서구,공원,꿩고개근린공원,126.8157075,37.5801585
동작구,공원,노량진공원,126.928607,37.510234
동대문구,공원,답십리근린공원,127.0626512,37.5750896
강남구,공원,대모산도시자연공원,127.0809639,37.4796489
종로구,공원,탑골근린공원,126.9882853,37.5710052
양천구,공원,갈산근린공원,126.8689146,37.5082119
송파구,공원,천마근린공원,127.1586644,37.5005173
강남구,공원,도곡근린공원,127.0450338,37.4903127
강남구,공원,도산근린공원,127.0350296,37.5246752
성북구,공원,청량공원,127.0511145,37.6020055
도봉구,공원,초안산근린공원,127.0455446,37.648316
강동구,공원,동명근린공원,127.1676703,37.5598341
종로구,공원,마로니에공원,127.0027886,37.5802295
영등포구,공원,자매근린공원,126.9302895,37.5177329
송파구,공원,장지근린공원,127.1387,37.4957083
강동구,공원,명일근린공원,127.1613641,37.5537143
강서구,공원,방화근린공원,126.8132285,37.5819812
송파구,공원,아시아근린공원,127.0762885,37.5102779
동대문구,공원,배봉산근린공원,127.0641623,37.5812324
서대문구,공원,안산도시자연공원,126.9390273,37.5798246
강서구,공원,염창근린공원,126.8689817,37.5579702
서대문구,공원,백련근린공원,126.928616,37.5879662
송파구,공원,오금근린공원,127.1323957,37.5038715
강북구,공원,오동근린공원,127.0317269,37.6327957
은평구,공원,봉산도시자연공원,126.9020153,37.604071
구로구,공원,온수도시자연공원,126.83695,37.5002598
강남구,공원,봉은공원,127.0554961,37.5139026
송파구,공원,올림픽공원,127.122959,37.520934
종로구,공원,와룡근린공원,126.9901672,37.5907944
중랑구,공원,봉화산근린공원,127.0923625,37.6106404
종로구,공원,북악산도시자연공원,126.9737295,37.5929992
강북구,공원,북한산국립공원,127.000938,37.624549
마포구,공원,외국인묘지공원,126.911414,37.546797
은평구,공원,불광근린공원,126.9298962,37.6188016
노원구,공원,불암산도시자연공원,127.0952714,37.6636719
중랑구,공원,용마폭포공원,127.0905888,37.5731968
동작구,공원,사육신공원,126.948636,37.5137049
양천구,공원,용왕산근린공원,126.8783125,37.5429593
종로구,공원,사직근린공원,126.9674018,37.5759864
강서구,공원,우장산근린공원,126.844932,37.5541932
동작구,공원,삼일근린공원,126.9743686,37.4860183
종로구,공원,삼청근린공원,126.9842875,37.5895821
종로구,공원,인왕산도시자연공원,126.9578438,37.5849001
동작구,공원,상도근린공원,126.9385469,37.492299
강동구,공원,일자산도시자연공원,127.1574587,37.5431657
도봉구,공원,쌍문근린공원,127.0271316,37.6531456
노원구,공원,수락산도시자연공원,127.0813633,37.699232
송파구,공원,송파나루근린공원(석촌호수),127.0983002,37.5069328
영등포구,공원,선유도근린공원,126.90014,37.543418
중구,공원,손기정체육공원,126.9652702,37.5560189
성북구,공원,성북근린공원,127.0078625,37.5948509
강서구,공원,봉제산공원,126.8517836,37.5421979
도봉구,공원,서울창포원,127.047938,37.689585
강북구,공원,북서울꿈의숲,127.0407344,37.6233355
양천구,공원,서서울호수공원,126.8304789,37.5278392
중랑구,공원,중랑캠핑숲,127.1093075,37.6049896
강북구,공원,솔밭근린공원,127.0116241,37.652331
금천구,공원,금천체육공원(관악산),126.908681,37.468164
금천구,공원,금천폭포근린공원,126.9040127,37.4468663
금천구,공원,만수천공원(관악산),126.9090028,37.4734274
도봉구,공원,발바닥공원,127.031982,37.6597135
도봉구,공원,월천근린공원,127.0509895,37.6473889
동대문구,공원,용두근린공원,127.0390042,37.5732791
마포구,공원,상암근린공원,126.8859012,37.5760106
마포구,공원,와우근린공원,126.9289936,37.5517298
성동구,공원,금호근린공원,127.0189457,37.5494726
성동구,공원,달맞이근린공원,127.0212054,37.543564
송파구,공원,문정근린공원,127.1275819,37.4862156
서초구,공원,문화예술공원,127.030517,37.467654
종로구,공원,세종로공원,126.9758875,37.5735
관악구,공원,샘말공원(관악산),126.938511,37.4642128
도봉구,공원,초안산생태공원,127.0405382,37.6479483
구로구,공원,푸른수목원,126.82407,37.483029
은평구,공원,서오능도시자연공원,126.9134338,37.6374823
서초구,공원,청계산도시자연공원,127.0424726,37.4224347
강서구,공원,개화근린공원,126.8068278,37.5813917
광진구,공원,아차산생태공원,127.1010031,37.5517142
서초구,공원,인능산도시자연공원,127.0666632,37.4482109
서초구,공원,구룡산,127.061567,37.4689473
서초구,공원,우면산도시자연공원,127.0091324,37.470484
은평구,공원,향림근린공원,126.9240693,37.6293824
은평구,공원,신사근린공원,126.9102948,37.5920771
중구,공원,문화역 서울284,126.9715923,37.5558722
강남구,공원,광평근린공원,127.092184,37.4880445
강남구,공원,청담근린공원,127.052453,37.5213259
강동구,공원,허브천문공원,127.1533951,37.5372715
은평구,공원,연신내물빛공원,126.9207354,37.619052
중랑구,공원,나들이근린공원,127.113261,37.6054218
종로구,공원,숭인근린공원,127.0178267,37.5764419
중랑구,공원,서일대뒷산공원,127.0987817,37.5877155
중랑구,공원,용마도시자연공원(사가정공원),127.095997,37.5797622
마포구,공원,문화비축기지,126.8932455,37.57171848
,공원,경춘선숲길,127.076482,37.627077
강남구,공원,율현공원,127.115594,37.472332
중구,공원,서울로7017,,
